timestamp,emg_signal
1731148228.2221298,Starting EMG sensor connection check...
1731148229.211891,Baseline value: 35
1731148229.261945,Connect or disconnect the EMG sensor to verify.
1731148229.329534,No significant signal detected. Check EMG sensor connection.
1731148229.426889,No significant signal detected. Check EMG sensor connection.
1731148229.527591,No significant signal detected. Check EMG sensor connection.
1731148229.637336,No significant signal detected. Check EMG sensor connection.
1731148229.7289941,No significant signal detected. Check EMG sensor connection.
1731148229.829686,No significant signal detected. Check EMG sensor connection.
1731148229.9304872,No significant signal detected. Check EMG sensor connection.
1731148230.031181,No significant signal detected. Check EMG sensor connection.
1731148230.131884,No significant signal detected. Check EMG sensor connection.
1731148230.2332852,No significant signal detected. Check EMG sensor connection.
1731148230.3347478,No significant signal detected. Check EMG sensor connection.
1731148230.434172,No significant signal detected. Check EMG sensor connection.
1731148230.5347729,No significant signal detected. Check EMG sensor connection.
1731148230.635493,No significant signal detected. Check EMG sensor connection.
1731148230.7362518,No significant signal detected. Check EMG sensor connection.
1731148230.8370728,No significant signal detected. Check EMG sensor connection.
1731148230.93782,No significant signal detected. Check EMG sensor connection.
1731148231.038493,No significant signal detected. Check EMG sensor connection.
1731148231.13917,No significant signal detected. Check EMG sensor connection.
1731148231.240042,No significant signal detected. Check EMG sensor connection.
1731148231.3408031,No significant signal detected. Check EMG sensor connection.
1731148231.4415429,No significant signal detected. Check EMG sensor connection.
1731148231.542254,No significant signal detected. Check EMG sensor connection.
1731148231.6427882,No significant signal detected. Check EMG sensor connection.
1731148231.7435331,No significant signal detected. Check EMG sensor connection.
1731148231.844265,No significant signal detected. Check EMG sensor connection.
1731148231.944968,No significant signal detected. Check EMG sensor connection.
1731148232.0458298,No significant signal detected. Check EMG sensor connection.
1731148232.146538,No significant signal detected. Check EMG sensor connection.
1731148232.247187,No significant signal detected. Check EMG sensor connection.
1731148232.348012,No significant signal detected. Check EMG sensor connection.
1731148232.448713,No significant signal detected. Check EMG sensor connection.
1731148232.549396,No significant signal detected. Check EMG sensor connection.
1731148232.650101,No significant signal detected. Check EMG sensor connection.
1731148232.7507992,No significant signal detected. Check EMG sensor connection.
1731148232.851637,No significant signal detected. Check EMG sensor connection.
1731148232.9522939,No significant signal detected. Check EMG sensor connection.
1731148233.0531158,No significant signal detected. Check EMG sensor connection.
1731148233.153814,No significant signal detected. Check EMG sensor connection.
1731148233.256099,No significant signal detected. Check EMG sensor connection.
1731148233.355351,No significant signal detected. Check EMG sensor connection.
1731148233.456048,No significant signal detected. Check EMG sensor connection.
1731148233.556629,No significant signal detected. Check EMG sensor connection.
1731148233.657362,No significant signal detected. Check EMG sensor connection.
1731148233.758077,No significant signal detected. Check EMG sensor connection.
1731148233.8588128,No significant signal detected. Check EMG sensor connection.
1731148233.9595258,No significant signal detected. Check EMG sensor connection.
1731148234.060259,No significant signal detected. Check EMG sensor connection.
1731148234.161063,No significant signal detected. Check EMG sensor connection.
1731148234.2618382,No significant signal detected. Check EMG sensor connection.
1731148234.362489,No significant signal detected. Check EMG sensor connection.
1731148234.463299,No significant signal detected. Check EMG sensor connection.
1731148234.56399,No significant signal detected. Check EMG sensor connection.
1731148234.664701,No significant signal detected. Check EMG sensor connection.
1731148234.765409,No significant signal detected. Check EMG sensor connection.
1731148234.866213,No significant signal detected. Check EMG sensor connection.
1731148234.966902,No significant signal detected. Check EMG sensor connection.
1731148235.067594,No significant signal detected. Check EMG sensor connection.
1731148235.168375,No significant signal detected. Check EMG sensor connection.
1731148235.2690501,No significant signal detected. Check EMG sensor connection.
1731148235.3698251,No significant signal detected. Check EMG sensor connection.
1731148235.470507,No significant signal detected. Check EMG sensor connection.
1731148235.571241,No significant signal detected. Check EMG sensor connection.
1731148235.6719942,No significant signal detected. Check EMG sensor connection.
1731148235.773404,No significant signal detected. Check EMG sensor connection.
1731148235.873444,No significant signal detected. Check EMG sensor connection.
1731148235.974144,No significant signal detected. Check EMG sensor connection.
1731148236.074934,No significant signal detected. Check EMG sensor connection.
1731148236.1756532,No significant signal detected. Check EMG sensor connection.
1731148236.276347,No significant signal detected. Check EMG sensor connection.
1731148236.378036,No significant signal detected. Check EMG sensor connection.
1731148236.477813,No significant signal detected. Check EMG sensor connection.
1731148236.578572,No significant signal detected. Check EMG sensor connection.
1731148236.679233,No significant signal detected. Check EMG sensor connection.
1731148236.779995,No significant signal detected. Check EMG sensor connection.
1731148236.880821,No significant signal detected. Check EMG sensor connection.
1731148236.981944,No significant signal detected. Check EMG sensor connection.
1731148237.083519,No significant signal detected. Check EMG sensor connection.
1731148237.1829839,No significant signal detected. Check EMG sensor connection.
1731148237.2836611,No significant signal detected. Check EMG sensor connection.
1731148237.384423,No significant signal detected. Check EMG sensor connection.
1731148237.485124,No significant signal detected. Check EMG sensor connection.
1731148237.585876,No significant signal detected. Check EMG sensor connection.
1731148237.686739,No significant signal detected. Check EMG sensor connection.
1731148237.787192,No significant signal detected. Check EMG sensor connection.
1731148237.88797,No significant signal detected. Check EMG sensor connection.
1731148237.972021,EMG Value: 25 - Sensor connected and active.
1731148238.072722,EMG Value: 18 - Sensor connected and active.
1731148238.173525,EMG Value: 12 - Sensor connected and active.
1731148238.2741241,EMG Value: 11 - Sensor connected and active.
1731148238.373878,EMG Value: 9 - Sensor connected and active.
1731148238.474518,EMG Value: 8 - Sensor connected and active.
1731148238.57511,EMG Value: 8 - Sensor connected and active.
1731148238.67579,EMG Value: 8 - Sensor connected and active.
1731148238.7765,EMG Value: 6 - Sensor connected and active.
1731148238.877156,EMG Value: 8 - Sensor connected and active.
1731148238.9778,EMG Value: 8 - Sensor connected and active.
1731148239.078464,EMG Value: 7 - Sensor connected and active.
1731148239.179133,EMG Value: 7 - Sensor connected and active.
1731148239.279835,EMG Value: 6 - Sensor connected and active.
1731148239.380446,EMG Value: 9 - Sensor connected and active.
1731148239.481181,EMG Value: 7 - Sensor connected and active.
1731148239.5818188,EMG Value: 7 - Sensor connected and active.
1731148239.682457,EMG Value: 7 - Sensor connected and active.
1731148239.783069,EMG Value: 5 - Sensor connected and active.
1731148239.883975,EMG Value: 8 - Sensor connected and active.
1731148239.984434,EMG Value: 7 - Sensor connected and active.
1731148240.0851588,EMG Value: 8 - Sensor connected and active.
1731148240.185657,EMG Value: 6 - Sensor connected and active.
1731148240.2864661,EMG Value: 8 - Sensor connected and active.
1731148240.387124,EMG Value: 7 - Sensor connected and active.
1731148240.487741,EMG Value: 7 - Sensor connected and active.
1731148240.588373,EMG Value: 8 - Sensor connected and active.
1731148240.689169,EMG Value: 7 - Sensor connected and active.
1731148240.7897348,EMG Value: 8 - Sensor connected and active.
1731148240.890399,EMG Value: 6 - Sensor connected and active.
1731148240.991012,EMG Value: 8 - Sensor connected and active.
1731148241.0917718,EMG Value: 7 - Sensor connected and active.
1731148241.192408,EMG Value: 8 - Sensor connected and active.
1731148241.2930439,EMG Value: 6 - Sensor connected and active.
1731148241.393638,EMG Value: 6 - Sensor connected and active.
1731148241.494368,EMG Value: 6 - Sensor connected and active.
1731148241.596975,EMG Value: 7 - Sensor connected and active.
1731148241.6956959,EMG Value: 6 - Sensor connected and active.
1731148241.7962618,EMG Value: 8 - Sensor connected and active.
1731148241.897022,EMG Value: 8 - Sensor connected and active.
1731148241.997601,EMG Value: 7 - Sensor connected and active.
1731148242.098298,EMG Value: 8 - Sensor connected and active.
1731148242.198974,EMG Value: 7 - Sensor connected and active.
1731148242.2996638,EMG Value: 6 - Sensor connected and active.
1731148242.400288,EMG Value: 7 - Sensor connected and active.
1731148242.500947,EMG Value: 8 - Sensor connected and active.
1731148242.60159,EMG Value: 6 - Sensor connected and active.
1731148242.702301,EMG Value: 8 - Sensor connected and active.
1731148242.802947,EMG Value: 7 - Sensor connected and active.
1731148242.903611,EMG Value: 8 - Sensor connected and active.
1731148243.004291,EMG Value: 6 - Sensor connected and active.
1731148243.1049652,EMG Value: 8 - Sensor connected and active.
1731148243.205577,EMG Value: 7 - Sensor connected and active.
1731148243.306226,EMG Value: 7 - Sensor connected and active.
1731148243.406873,EMG Value: 8 - Sensor connected and active.
1731148243.507636,EMG Value: 8 - Sensor connected and active.
1731148243.608192,EMG Value: 8 - Sensor connected and active.
1731148243.7089448,EMG Value: 7 - Sensor connected and active.
1731148243.809566,EMG Value: 8 - Sensor connected and active.
1731148243.910264,EMG Value: 5 - Sensor connected and active.
1731148244.0109491,EMG Value: 8 - Sensor connected and active.
1731148244.111499,EMG Value: 6 - Sensor connected and active.
1731148244.2121742,EMG Value: 7 - Sensor connected and active.
1731148244.312921,EMG Value: 6 - Sensor connected and active.
1731148244.413463,EMG Value: 7 - Sensor connected and active.
1731148244.5141492,EMG Value: 8 - Sensor connected and active.
1731148244.6147578,EMG Value: 7 - Sensor connected and active.
1731148244.7155688,EMG Value: 8 - Sensor connected and active.
1731148244.816142,EMG Value: 6 - Sensor connected and active.
1731148244.916811,EMG Value: 8 - Sensor connected and active.
1731148245.0174248,EMG Value: 6 - Sensor connected and active.
1731148245.11833,EMG Value: 8 - Sensor connected and active.
1731148245.218936,EMG Value: 6 - Sensor connected and active.
1731148245.319425,EMG Value: 8 - Sensor connected and active.
1731148245.420158,EMG Value: 6 - Sensor connected and active.
1731148245.520821,EMG Value: 5 - Sensor connected and active.
1731148245.621462,EMG Value: 8 - Sensor connected and active.
1731148245.7221131,EMG Value: 7 - Sensor connected and active.
1731148245.82278,EMG Value: 8 - Sensor connected and active.
1731148245.9234319,EMG Value: 6 - Sensor connected and active.
1731148246.024056,EMG Value: 7 - Sensor connected and active.
1731148246.124728,EMG Value: 8 - Sensor connected and active.
1731148246.2254121,EMG Value: 6 - Sensor connected and active.
1731148246.3261282,EMG Value: 7 - Sensor connected and active.
1731148246.4267,EMG Value: 6 - Sensor connected and active.
1731148246.527333,EMG Value: 7 - Sensor connected and active.
1731148246.628093,EMG Value: 8 - Sensor connected and active.
1731148246.728738,EMG Value: 7 - Sensor connected and active.
1731148246.829383,EMG Value: 7 - Sensor connected and active.
1731148246.9300108,EMG Value: 7 - Sensor connected and active.
1731148247.030703,EMG Value: 7 - Sensor connected and active.
1731148247.131414,EMG Value: 8 - Sensor connected and active.
1731148247.232029,EMG Value: 8 - Sensor connected and active.
1731148247.3326561,EMG Value: 7 - Sensor connected and active.
1731148247.433374,EMG Value: 8 - Sensor connected and active.
1731148247.534063,EMG Value: 8 - Sensor connected and active.
1731148247.6346838,EMG Value: 6 - Sensor connected and active.
1731148247.735275,EMG Value: 7 - Sensor connected and active.
1731148247.836129,EMG Value: 6 - Sensor connected and active.
1731148247.936673,EMG Value: 6 - Sensor connected and active.
1731148248.037358,EMG Value: 8 - Sensor connected and active.
1731148248.1379468,EMG Value: 8 - Sensor connected and active.
1731148248.238719,EMG Value: 7 - Sensor connected and active.
1731148248.339349,EMG Value: 8 - Sensor connected and active.
1731148248.439937,EMG Value: 6 - Sensor connected and active.
1731148248.5405781,EMG Value: 6 - Sensor connected and active.
1731148248.641258,EMG Value: 8 - Sensor connected and active.
1731148248.741995,EMG Value: 6 - Sensor connected and active.
1731148248.842651,EMG Value: 9 - Sensor connected and active.
1731148248.943229,EMG Value: 7 - Sensor connected and active.
1731148249.043982,EMG Value: 7 - Sensor connected and active.
1731148249.144613,EMG Value: 6 - Sensor connected and active.
1731148249.2452211,EMG Value: 5 - Sensor connected and active.
1731148249.3459442,EMG Value: 8 - Sensor connected and active.
1731148249.446522,EMG Value: 8 - Sensor connected and active.
1731148249.5473511,EMG Value: 7 - Sensor connected and active.
1731148249.6479628,EMG Value: 8 - Sensor connected and active.
1731148249.748527,EMG Value: 6 - Sensor connected and active.
1731148249.8492181,EMG Value: 7 - Sensor connected and active.
1731148249.9499142,EMG Value: 6 - Sensor connected and active.
1731148250.050559,EMG Value: 7 - Sensor connected and active.
1731148250.151232,EMG Value: 8 - Sensor connected and active.
1731148250.25193,EMG Value: 7 - Sensor connected and active.
1731148250.3525498,EMG Value: 7 - Sensor connected and active.
1731148250.4531589,EMG Value: 8 - Sensor connected and active.
1731148250.553965,EMG Value: 7 - Sensor connected and active.
1731148250.654619,EMG Value: 6 - Sensor connected and active.
1731148250.755203,EMG Value: 8 - Sensor connected and active.
1731148250.855792,EMG Value: 7 - Sensor connected and active.
1731148250.9564219,EMG Value: 7 - Sensor connected and active.
1731148251.0572522,EMG Value: 8 - Sensor connected and active.
1731148251.15788,EMG Value: 6 - Sensor connected and active.
1731148251.2584808,EMG Value: 7 - Sensor connected and active.
1731148251.359079,EMG Value: 8 - Sensor connected and active.
1731148251.459786,EMG Value: 7 - Sensor connected and active.
1731148251.56049,EMG Value: 6 - Sensor connected and active.
1731148251.6611059,EMG Value: 8 - Sensor connected and active.
1731148251.761774,EMG Value: 7 - Sensor connected and active.
1731148251.8634849,EMG Value: 10 - Sensor connected and active.
1731148251.963145,EMG Value: 8 - Sensor connected and active.
1731148252.06374,EMG Value: 8 - Sensor connected and active.
1731148252.165498,EMG Value: 10 - Sensor connected and active.
1731148252.2662761,EMG Value: 11 - Sensor connected and active.
1731148252.366858,EMG Value: 10 - Sensor connected and active.
1731148252.470141,EMG Value: 10 - Sensor connected and active.
1731148252.568237,EMG Value: 10 - Sensor connected and active.
1731148252.669038,EMG Value: 10 - Sensor connected and active.
1731148252.769727,EMG Value: 10 - Sensor connected and active.
1731148252.870369,EMG Value: 12 - Sensor connected and active.
1731148252.9711418,EMG Value: 10 - Sensor connected and active.
1731148253.0719109,EMG Value: 10 - Sensor connected and active.
1731148253.172513,EMG Value: 11 - Sensor connected and active.
1731148253.273161,EMG Value: 12 - Sensor connected and active.
1731148253.373973,EMG Value: 11 - Sensor connected and active.
1731148253.474644,EMG Value: 11 - Sensor connected and active.
1731148253.575265,EMG Value: 12 - Sensor connected and active.
1731148253.676072,EMG Value: 12 - Sensor connected and active.
1731148253.77673,EMG Value: 11 - Sensor connected and active.
1731148253.8774269,EMG Value: 11 - Sensor connected and active.
1731148253.978196,EMG Value: 10 - Sensor connected and active.
1731148254.078829,EMG Value: 12 - Sensor connected and active.
1731148254.179604,EMG Value: 10 - Sensor connected and active.
1731148254.279268,EMG Value: 8 - Sensor connected and active.
1731148254.380933,EMG Value: 12 - Sensor connected and active.
1731148254.481627,EMG Value: 10 - Sensor connected and active.
1731148254.582266,EMG Value: 11 - Sensor connected and active.
1731148254.683083,EMG Value: 11 - Sensor connected and active.
1731148254.78385,EMG Value: 12 - Sensor connected and active.
1731148254.884427,EMG Value: 11 - Sensor connected and active.
1731148254.985179,EMG Value: 10 - Sensor connected and active.
1731148255.085867,EMG Value: 10 - Sensor connected and active.
1731148255.1865542,EMG Value: 11 - Sensor connected and active.
1731148255.287273,EMG Value: 12 - Sensor connected and active.
1731148255.387993,EMG Value: 11 - Sensor connected and active.
1731148255.488641,EMG Value: 10 - Sensor connected and active.
1731148255.589356,EMG Value: 12 - Sensor connected and active.
1731148255.6900969,EMG Value: 12 - Sensor connected and active.
1731148255.790704,EMG Value: 12 - Sensor connected and active.
1731148255.891419,EMG Value: 11 - Sensor connected and active.
1731148255.992191,EMG Value: 11 - Sensor connected and active.
1731148256.0929549,EMG Value: 11 - Sensor connected and active.
1731148256.1936069,EMG Value: 12 - Sensor connected and active.
1731148256.294335,EMG Value: 13 - Sensor connected and active.
1731148256.395088,EMG Value: 12 - Sensor connected and active.
1731148256.494648,EMG Value: 9 - Sensor connected and active.
1731148256.596338,EMG Value: 12 - Sensor connected and active.
1731148256.697113,EMG Value: 11 - Sensor connected and active.
1731148256.797863,EMG Value: 12 - Sensor connected and active.
1731148256.898468,EMG Value: 12 - Sensor connected and active.
1731148256.9992268,EMG Value: 12 - Sensor connected and active.
1731148257.099962,EMG Value: 11 - Sensor connected and active.
1731148257.200607,EMG Value: 11 - Sensor connected and active.
1731148257.3013399,EMG Value: 12 - Sensor connected and active.
1731148257.4020748,EMG Value: 13 - Sensor connected and active.
1731148257.502871,EMG Value: 12 - Sensor connected and active.
1731148257.603436,EMG Value: 12 - Sensor connected and active.
1731148257.704184,EMG Value: 11 - Sensor connected and active.
1731148257.804878,EMG Value: 12 - Sensor connected and active.
1731148257.9055161,EMG Value: 11 - Sensor connected and active.
1731148258.0062678,EMG Value: 11 - Sensor connected and active.
1731148258.107027,EMG Value: 12 - Sensor connected and active.
1731148258.2076821,EMG Value: 12 - Sensor connected and active.
1731148258.308418,EMG Value: 12 - Sensor connected and active.
1731148258.40913,EMG Value: 12 - Sensor connected and active.
1731148258.509855,EMG Value: 14 - Sensor connected and active.
1731148258.6105442,EMG Value: 13 - Sensor connected and active.
1731148258.7112682,EMG Value: 11 - Sensor connected and active.
1731148258.8118558,EMG Value: 12 - Sensor connected and active.
1731148258.912601,EMG Value: 13 - Sensor connected and active.
1731148259.013358,EMG Value: 12 - Sensor connected and active.
1731148259.113958,EMG Value: 13 - Sensor connected and active.
1731148259.214717,EMG Value: 12 - Sensor connected and active.
1731148259.315439,EMG Value: 13 - Sensor connected and active.
1731148259.416113,EMG Value: 12 - Sensor connected and active.
1731148259.516834,EMG Value: 12 - Sensor connected and active.
1731148259.617505,EMG Value: 12 - Sensor connected and active.
1731148259.718237,EMG Value: 11 - Sensor connected and active.
1731148259.818963,EMG Value: 11 - Sensor connected and active.
1731148259.9197161,EMG Value: 12 - Sensor connected and active.
1731148260.020345,EMG Value: 14 - Sensor connected and active.
1731148260.121071,EMG Value: 12 - Sensor connected and active.
1731148260.221771,EMG Value: 12 - Sensor connected and active.
1731148260.322478,EMG Value: 12 - Sensor connected and active.
1731148260.423209,EMG Value: 13 - Sensor connected and active.
1731148260.523829,EMG Value: 13 - Sensor connected and active.
1731148260.624655,EMG Value: 11 - Sensor connected and active.
1731148260.725256,EMG Value: 13 - Sensor connected and active.
1731148260.825943,EMG Value: 14 - Sensor connected and active.
1731148260.926652,EMG Value: 13 - Sensor connected and active.
1731148261.027413,EMG Value: 13 - Sensor connected and active.
1731148261.1280792,EMG Value: 13 - Sensor connected and active.
1731148261.232596,EMG Value: 14 - Sensor connected and active.
1731148261.3294542,EMG Value: 13 - Sensor connected and active.
1731148261.4301891,EMG Value: 13 - Sensor connected and active.
1731148261.530921,EMG Value: 14 - Sensor connected and active.
1731148261.6316428,EMG Value: 14 - Sensor connected and active.
1731148261.732259,EMG Value: 13 - Sensor connected and active.
1731148261.833087,EMG Value: 13 - Sensor connected and active.
1731148261.9336839,EMG Value: 12 - Sensor connected and active.
1731148262.034354,EMG Value: 13 - Sensor connected and active.
1731148262.135099,EMG Value: 12 - Sensor connected and active.
1731148262.2358358,EMG Value: 13 - Sensor connected and active.
1731148262.336471,EMG Value: 14 - Sensor connected and active.
1731148262.437197,EMG Value: 13 - Sensor connected and active.
1731148262.537885,EMG Value: 13 - Sensor connected and active.
1731148262.638613,EMG Value: 12 - Sensor connected and active.
1731148262.73932,EMG Value: 14 - Sensor connected and active.
1731148262.840136,EMG Value: 15 - Sensor connected and active.
1731148262.940755,EMG Value: 13 - Sensor connected and active.
1731148263.041475,EMG Value: 13 - Sensor connected and active.
1731148263.142061,EMG Value: 14 - Sensor connected and active.
1731148263.242838,EMG Value: 14 - Sensor connected and active.
1731148263.34354,EMG Value: 13 - Sensor connected and active.
1731148263.444211,EMG Value: 11 - Sensor connected and active.
1731148263.5449338,EMG Value: 14 - Sensor connected and active.
1731148263.645708,EMG Value: 15 - Sensor connected and active.
1731148263.746326,EMG Value: 15 - Sensor connected and active.
1731148263.847043,EMG Value: 13 - Sensor connected and active.
1731148263.947798,EMG Value: 12 - Sensor connected and active.
1731148264.048542,EMG Value: 15 - Sensor connected and active.
1731148264.149142,EMG Value: 13 - Sensor connected and active.
1731148264.249939,EMG Value: 13 - Sensor connected and active.
1731148264.350764,EMG Value: 13 - Sensor connected and active.
1731148264.4513779,EMG Value: 12 - Sensor connected and active.
1731148264.551984,EMG Value: 13 - Sensor connected and active.
1731148264.6527638,EMG Value: 14 - Sensor connected and active.
1731148264.753406,EMG Value: 13 - Sensor connected and active.
1731148264.854201,EMG Value: 14 - Sensor connected and active.
1731148264.954924,EMG Value: 13 - Sensor connected and active.
1731148265.055491,EMG Value: 13 - Sensor connected and active.
1731148265.156231,EMG Value: 12 - Sensor connected and active.
1731148265.256877,EMG Value: 14 - Sensor connected and active.
1731148265.3576472,EMG Value: 14 - Sensor connected and active.
1731148265.45843,EMG Value: 12 - Sensor connected and active.
1731148265.559089,EMG Value: 14 - Sensor connected and active.
1731148265.6597881,EMG Value: 14 - Sensor connected and active.
1731148265.7604558,EMG Value: 14 - Sensor connected and active.
1731148265.861187,EMG Value: 14 - Sensor connected and active.
1731148265.961837,EMG Value: 16 - Sensor connected and active.
1731148266.062603,EMG Value: 14 - Sensor connected and active.
1731148266.16334,EMG Value: 13 - Sensor connected and active.
1731148266.2640011,EMG Value: 15 - Sensor connected and active.
1731148266.3647711,EMG Value: 16 - Sensor connected and active.
1731148266.4653308,EMG Value: 14 - Sensor connected and active.
1731148266.5660641,EMG Value: 16 - Sensor connected and active.
1731148266.6668,EMG Value: 15 - Sensor connected and active.
1731148266.7674549,EMG Value: 14 - Sensor connected and active.
1731148266.868216,EMG Value: 15 - Sensor connected and active.
1731148266.968919,EMG Value: 13 - Sensor connected and active.
1731148267.0695739,EMG Value: 14 - Sensor connected and active.
1731148267.170399,EMG Value: 15 - Sensor connected and active.
1731148267.2710688,EMG Value: 15 - Sensor connected and active.
1731148267.371676,EMG Value: 16 - Sensor connected and active.
1731148267.4724,EMG Value: 15 - Sensor connected and active.
1731148267.573169,EMG Value: 14 - Sensor connected and active.
1731148267.673789,EMG Value: 14 - Sensor connected and active.
1731148267.774554,EMG Value: 15 - Sensor connected and active.
1731148267.8752792,EMG Value: 15 - Sensor connected and active.
1731148267.975928,EMG Value: 15 - Sensor connected and active.
1731148268.076684,EMG Value: 15 - Sensor connected and active.
1731148268.177366,EMG Value: 14 - Sensor connected and active.
1731148268.278028,EMG Value: 16 - Sensor connected and active.
1731148268.378777,EMG Value: 14 - Sensor connected and active.
1731148268.479481,EMG Value: 14 - Sensor connected and active.
1731148268.580107,EMG Value: 14 - Sensor connected and active.
1731148268.680898,EMG Value: 17 - Sensor connected and active.
1731148268.781505,EMG Value: 15 - Sensor connected and active.
1731148268.882334,EMG Value: 16 - Sensor connected and active.
1731148268.98299,EMG Value: 16 - Sensor connected and active.
1731148269.083779,EMG Value: 16 - Sensor connected and active.
1731148269.1843562,EMG Value: 12 - Sensor connected and active.
1731148269.2850869,EMG Value: 16 - Sensor connected and active.
1731148269.385822,EMG Value: 15 - Sensor connected and active.
1731148269.486479,EMG Value: 14 - Sensor connected and active.
1731148269.587192,EMG Value: 16 - Sensor connected and active.
1731148269.687958,EMG Value: 14 - Sensor connected and active.
1731148269.788571,EMG Value: 14 - Sensor connected and active.
1731148269.889319,EMG Value: 16 - Sensor connected and active.
1731148269.990059,EMG Value: 18 - Sensor connected and active.
1731148270.0907059,EMG Value: 17 - Sensor connected and active.
1731148270.191471,EMG Value: 13 - Sensor connected and active.
1731148270.29213,EMG Value: 18 - Sensor connected and active.
1731148270.392778,EMG Value: 12 - Sensor connected and active.
1731148270.4935858,EMG Value: 16 - Sensor connected and active.
1731148270.594282,EMG Value: 15 - Sensor connected and active.
1731148270.695091,EMG Value: 14 - Sensor connected and active.
1731148270.79567,EMG Value: 16 - Sensor connected and active.
1731148270.896374,EMG Value: 17 - Sensor connected and active.
1731148270.997021,EMG Value: 67 - Sensor connected and active.
1731148271.098799,EMG Value: 109 - Sensor connected and active.
1731148271.1995652,EMG Value: 135 - Sensor connected and active.
1731148271.300353,EMG Value: 150 - Sensor connected and active.
1731148271.401174,EMG Value: 164 - Sensor connected and active.
1731148271.501965,EMG Value: 176 - Sensor connected and active.
1731148271.602565,EMG Value: 183 - Sensor connected and active.
1731148271.703373,EMG Value: 189 - Sensor connected and active.
1731148271.804082,EMG Value: 195 - Sensor connected and active.
1731148271.904808,EMG Value: 198 - Sensor connected and active.
1731148272.005579,EMG Value: 202 - Sensor connected and active.
1731148272.106327,EMG Value: 204 - Sensor connected and active.
1731148272.207106,EMG Value: 206 - Sensor connected and active.
1731148272.30794,EMG Value: 208 - Sensor connected and active.
1731148272.4086232,EMG Value: 208 - Sensor connected and active.
1731148272.509386,EMG Value: 210 - Sensor connected and active.
1731148272.610071,EMG Value: 211 - Sensor connected and active.
1731148272.710845,EMG Value: 212 - Sensor connected and active.
1731148272.811601,EMG Value: 214 - Sensor connected and active.
1731148272.9123468,EMG Value: 214 - Sensor connected and active.
1731148273.013056,EMG Value: 215 - Sensor connected and active.
1731148273.113853,EMG Value: 216 - Sensor connected and active.
1731148273.214562,EMG Value: 217 - Sensor connected and active.
1731148273.3155031,EMG Value: 217 - Sensor connected and active.
1731148273.416181,EMG Value: 219 - Sensor connected and active.
1731148273.516892,EMG Value: 218 - Sensor connected and active.
1731148273.617603,EMG Value: 219 - Sensor connected and active.
1731148273.718336,EMG Value: 219 - Sensor connected and active.
1731148273.819104,EMG Value: 220 - Sensor connected and active.
1731148273.919878,EMG Value: 221 - Sensor connected and active.
1731148274.02061,EMG Value: 220 - Sensor connected and active.
1731148274.1212459,EMG Value: 219 - Sensor connected and active.
1731148274.2221131,EMG Value: 220 - Sensor connected and active.
1731148274.322882,EMG Value: 219 - Sensor connected and active.
1731148274.42363,EMG Value: 218 - Sensor connected and active.
1731148274.5243351,EMG Value: 218 - Sensor connected and active.
1731148274.6356711,EMG Value: 218 - Sensor connected and active.
1731148274.725811,EMG Value: 218 - Sensor connected and active.
1731148274.8265889,EMG Value: 217 - Sensor connected and active.
1731148274.927346,EMG Value: 217 - Sensor connected and active.
1731148275.028095,EMG Value: 218 - Sensor connected and active.
1731148275.128824,EMG Value: 217 - Sensor connected and active.
1731148275.229665,EMG Value: 217 - Sensor connected and active.
1731148275.3303602,EMG Value: 217 - Sensor connected and active.
1731148275.431147,EMG Value: 218 - Sensor connected and active.
1731148275.531869,EMG Value: 218 - Sensor connected and active.
1731148275.632622,EMG Value: 218 - Sensor connected and active.
1731148275.7333498,EMG Value: 218 - Sensor connected and active.
1731148275.834136,EMG Value: 219 - Sensor connected and active.
1731148275.9348311,EMG Value: 219 - Sensor connected and active.
1731148276.0355341,EMG Value: 220 - Sensor connected and active.
1731148276.136443,EMG Value: 220 - Sensor connected and active.
1731148276.2371788,EMG Value: 220 - Sensor connected and active.
1731148276.3379142,EMG Value: 220 - Sensor connected and active.
1731148276.438626,EMG Value: 220 - Sensor connected and active.
1731148276.539357,EMG Value: 219 - Sensor connected and active.
1731148276.64306,EMG Value: 220 - Sensor connected and active.
1731148276.7409139,EMG Value: 219 - Sensor connected and active.
1731148276.8416278,EMG Value: 219 - Sensor connected and active.
1731148276.942251,EMG Value: 218 - Sensor connected and active.
1731148277.0432,EMG Value: 218 - Sensor connected and active.
1731148277.143908,EMG Value: 218 - Sensor connected and active.
1731148277.244639,EMG Value: 218 - Sensor connected and active.
1731148277.345403,EMG Value: 218 - Sensor connected and active.
1731148277.4461498,EMG Value: 218 - Sensor connected and active.
1731148277.5469341,EMG Value: 218 - Sensor connected and active.
1731148277.647653,EMG Value: 218 - Sensor connected and active.
1731148277.748331,EMG Value: 218 - Sensor connected and active.
1731148277.849049,EMG Value: 219 - Sensor connected and active.
1731148277.9497979,EMG Value: 220 - Sensor connected and active.
1731148278.050745,EMG Value: 220 - Sensor connected and active.
1731148278.15138,EMG Value: 220 - Sensor connected and active.
1731148278.252173,EMG Value: 221 - Sensor connected and active.
1731148278.352912,EMG Value: 220 - Sensor connected and active.
1731148278.4537148,EMG Value: 220 - Sensor connected and active.
1731148278.554327,EMG Value: 221 - Sensor connected and active.
1731148278.6550999,EMG Value: 221 - Sensor connected and active.
1731148278.75585,EMG Value: 221 - Sensor connected and active.
1731148278.856566,EMG Value: 220 - Sensor connected and active.
1731148278.957429,EMG Value: 220 - Sensor connected and active.
1731148279.0581498,EMG Value: 220 - Sensor connected and active.
1731148279.158904,EMG Value: 219 - Sensor connected and active.
1731148279.259694,EMG Value: 219 - Sensor connected and active.
1731148279.360425,EMG Value: 218 - Sensor connected and active.
1731148279.461143,EMG Value: 218 - Sensor connected and active.
1731148279.561854,EMG Value: 218 - Sensor connected and active.
1731148279.662557,EMG Value: 218 - Sensor connected and active.
1731148279.763322,EMG Value: 217 - Sensor connected and active.
1731148279.864152,EMG Value: 218 - Sensor connected and active.
1731148279.964808,EMG Value: 217 - Sensor connected and active.
1731148280.065716,EMG Value: 217 - Sensor connected and active.
1731148280.166425,EMG Value: 217 - Sensor connected and active.
1731148280.267648,EMG Value: 218 - Sensor connected and active.
1731148280.367862,EMG Value: 219 - Sensor connected and active.
1731148280.46857,EMG Value: 219 - Sensor connected and active.
1731148280.569356,EMG Value: 218 - Sensor connected and active.
1731148280.67007,EMG Value: 219 - Sensor connected and active.
1731148280.770877,EMG Value: 219 - Sensor connected and active.
1731148280.871553,EMG Value: 220 - Sensor connected and active.
1731148280.972464,EMG Value: 220 - Sensor connected and active.
1731148281.0731552,EMG Value: 220 - Sensor connected and active.
1731148281.173853,EMG Value: 221 - Sensor connected and active.
1731148281.274633,EMG Value: 220 - Sensor connected and active.
1731148281.375394,EMG Value: 219 - Sensor connected and active.
1731148281.476099,EMG Value: 219 - Sensor connected and active.
1731148281.5768151,EMG Value: 219 - Sensor connected and active.
1731148281.677574,EMG Value: 219 - Sensor connected and active.
1731148281.77833,EMG Value: 219 - Sensor connected and active.
1731148281.879072,EMG Value: 219 - Sensor connected and active.
1731148281.98,EMG Value: 220 - Sensor connected and active.
1731148282.080693,EMG Value: 219 - Sensor connected and active.
1731148282.181365,EMG Value: 219 - Sensor connected and active.
1731148282.2820811,EMG Value: 219 - Sensor connected and active.
1731148282.382839,EMG Value: 219 - Sensor connected and active.
1731148282.483547,EMG Value: 220 - Sensor connected and active.
1731148282.584356,EMG Value: 219 - Sensor connected and active.
1731148282.68508,EMG Value: 219 - Sensor connected and active.
1731148282.785863,EMG Value: 219 - Sensor connected and active.
1731148282.886726,EMG Value: 220 - Sensor connected and active.
1731148282.9874198,EMG Value: 221 - Sensor connected and active.
1731148283.0882099,EMG Value: 221 - Sensor connected and active.
1731148283.188837,EMG Value: 220 - Sensor connected and active.
1731148283.28969,EMG Value: 221 - Sensor connected and active.
1731148283.390267,EMG Value: 220 - Sensor connected and active.
1731148283.491115,EMG Value: 220 - Sensor connected and active.
1731148283.59187,EMG Value: 220 - Sensor connected and active.
1731148283.692564,EMG Value: 220 - Sensor connected and active.
1731148283.793313,EMG Value: 220 - Sensor connected and active.
1731148283.894197,EMG Value: 220 - Sensor connected and active.
1731148283.994872,EMG Value: 219 - Sensor connected and active.
1731148284.095795,EMG Value: 218 - Sensor connected and active.
1731148284.196339,EMG Value: 218 - Sensor connected and active.
1731148284.297069,EMG Value: 218 - Sensor connected and active.
1731148284.3978019,EMG Value: 218 - Sensor connected and active.
1731148284.498579,EMG Value: 217 - Sensor connected and active.
1731148284.599364,EMG Value: 218 - Sensor connected and active.
1731148284.700193,EMG Value: 218 - Sensor connected and active.
1731148284.800965,EMG Value: 218 - Sensor connected and active.
1731148284.901661,EMG Value: 218 - Sensor connected and active.
1731148285.002347,EMG Value: 219 - Sensor connected and active.
1731148285.103193,EMG Value: 219 - Sensor connected and active.
1731148285.2038422,EMG Value: 219 - Sensor connected and active.
1731148285.304617,EMG Value: 220 - Sensor connected and active.
1731148285.405355,EMG Value: 221 - Sensor connected and active.
1731148285.506141,EMG Value: 220 - Sensor connected and active.
1731148285.606833,EMG Value: 220 - Sensor connected and active.
1731148285.707686,EMG Value: 220 - Sensor connected and active.
1731148285.808428,EMG Value: 219 - Sensor connected and active.
1731148285.909148,EMG Value: 219 - Sensor connected and active.
1731148286.009863,EMG Value: 218 - Sensor connected and active.
1731148286.110674,EMG Value: 218 - Sensor connected and active.
1731148286.211358,EMG Value: 218 - Sensor connected and active.
1731148286.3121312,EMG Value: 217 - Sensor connected and active.
1731148286.412834,EMG Value: 217 - Sensor connected and active.
1731148286.51356,EMG Value: 217 - Sensor connected and active.
1731148286.614422,EMG Value: 217 - Sensor connected and active.
1731148286.715162,EMG Value: 217 - Sensor connected and active.
1731148286.8158872,EMG Value: 218 - Sensor connected and active.
1731148286.916658,EMG Value: 218 - Sensor connected and active.
1731148287.017389,EMG Value: 219 - Sensor connected and active.
1731148287.1181371,EMG Value: 218 - Sensor connected and active.
1731148287.218909,EMG Value: 218 - Sensor connected and active.
1731148287.319731,EMG Value: 219 - Sensor connected and active.
1731148287.420298,EMG Value: 219 - Sensor connected and active.
1731148287.5212102,EMG Value: 219 - Sensor connected and active.
1731148287.621901,EMG Value: 220 - Sensor connected and active.
1731148287.722653,EMG Value: 220 - Sensor connected and active.
1731148287.82338,EMG Value: 221 - Sensor connected and active.
1731148287.924133,EMG Value: 220 - Sensor connected and active.
1731148288.024958,EMG Value: 220 - Sensor connected and active.
1731148288.125679,EMG Value: 220 - Sensor connected and active.
1731148288.226302,EMG Value: 220 - Sensor connected and active.
1731148288.327069,EMG Value: 219 - Sensor connected and active.
1731148288.4279108,EMG Value: 219 - Sensor connected and active.
1731148288.528651,EMG Value: 219 - Sensor connected and active.
1731148288.629358,EMG Value: 219 - Sensor connected and active.
1731148288.730199,EMG Value: 219 - Sensor connected and active.
1731148288.830886,EMG Value: 218 - Sensor connected and active.
1731148288.9320471,EMG Value: 218 - Sensor connected and active.
1731148289.032493,EMG Value: 217 - Sensor connected and active.
1731148289.133209,EMG Value: 217 - Sensor connected and active.
1731148289.2339299,EMG Value: 218 - Sensor connected and active.
1731148289.3347359,EMG Value: 218 - Sensor connected and active.
1731148289.4354181,EMG Value: 219 - Sensor connected and active.
1731148289.536284,EMG Value: 219 - Sensor connected and active.
1731148289.637107,EMG Value: 219 - Sensor connected and active.
1731148289.737769,EMG Value: 221 - Sensor connected and active.
1731148289.8385139,EMG Value: 220 - Sensor connected and active.
1731148289.939266,EMG Value: 220 - Sensor connected and active.
1731148290.039922,EMG Value: 221 - Sensor connected and active.
1731148290.140813,EMG Value: 221 - Sensor connected and active.
1731148290.241533,EMG Value: 221 - Sensor connected and active.
1731148290.342253,EMG Value: 220 - Sensor connected and active.
1731148290.443007,EMG Value: 213 - Sensor connected and active.
1731148290.543792,EMG Value: 215 - Sensor connected and active.
1731148290.644681,EMG Value: 219 - Sensor connected and active.
1731148290.7454169,EMG Value: 223 - Sensor connected and active.
1731148290.846059,EMG Value: 226 - Sensor connected and active.
1731148290.9468002,EMG Value: 223 - Sensor connected and active.
1731148291.047573,EMG Value: 220 - Sensor connected and active.
1731148291.146196,EMG Value: 9 - Sensor connected and active.
1731148291.2468631,EMG Value: 9 - Sensor connected and active.
1731148291.348636,EMG Value: 13 - Sensor connected and active.
1731148291.449228,EMG Value: 10 - Sensor connected and active.
1731148291.5500789,EMG Value: 10 - Sensor connected and active.
1731148291.650733,EMG Value: 12 - Sensor connected and active.
1731148291.751351,EMG Value: 11 - Sensor connected and active.
1731148291.852083,EMG Value: 11 - Sensor connected and active.
1731148291.952827,EMG Value: 10 - Sensor connected and active.
1731148292.05249,EMG Value: 9 - Sensor connected and active.
1731148292.154124,EMG Value: 12 - Sensor connected and active.
1731148292.254892,EMG Value: 11 - Sensor connected and active.
1731148292.3556402,EMG Value: 11 - Sensor connected and active.
1731148292.4562318,EMG Value: 10 - Sensor connected and active.
1731148292.556959,EMG Value: 10 - Sensor connected and active.
1731148292.6577091,EMG Value: 12 - Sensor connected and active.
1731148292.7582989,EMG Value: 10 - Sensor connected and active.
1731148292.859036,EMG Value: 10 - Sensor connected and active.
1731148292.959779,EMG Value: 11 - Sensor connected and active.
1731148293.060498,EMG Value: 12 - Sensor connected and active.
1731148293.161141,EMG Value: 12 - Sensor connected and active.
1731148293.2619379,EMG Value: 10 - Sensor connected and active.
1731148293.3626409,EMG Value: 12 - Sensor connected and active.
1731148293.463283,EMG Value: 11 - Sensor connected and active.
1731148293.564318,EMG Value: 12 - Sensor connected and active.
1731148293.66483,EMG Value: 10 - Sensor connected and active.
1731148293.765353,EMG Value: 10 - Sensor connected and active.
1731148293.866136,EMG Value: 11 - Sensor connected and active.
1731148293.966771,EMG Value: 10 - Sensor connected and active.
1731148294.067511,EMG Value: 12 - Sensor connected and active.
1731148294.168308,EMG Value: 12 - Sensor connected and active.
1731148294.268939,EMG Value: 11 - Sensor connected and active.
1731148294.369636,EMG Value: 12 - Sensor connected and active.
1731148294.4703941,EMG Value: 13 - Sensor connected and active.
1731148294.570996,EMG Value: 12 - Sensor connected and active.
1731148294.6717372,EMG Value: 12 - Sensor connected and active.
1731148294.7725189,EMG Value: 13 - Sensor connected and active.
1731148296.131537,EMG Value: 12 - Sensor connected and active.
1731148296.1410198,EMG Value: 11 - Sensor connected and active.
1731148296.14565,EMG Value: 12 - Sensor connected and active.
1731148296.149611,EMG Value: 12 - Sensor connected and active.
1731148296.155661,EMG Value: 11 - Sensor connected and active.
1731148296.161391,EMG Value: 10 - Sensor connected and active.
1731148296.167076,EMG Value: 10 - Sensor connected and active.
1731148296.17194,EMG Value: 11 - Sensor connected and active.
1731148296.176507,EMG Value: 11 - Sensor connected and active.
1731148296.180706,EMG Value: 11 - Sensor connected and active.
1731148296.184619,EMG Value: 12 - Sensor connected and active.
1731148296.188256,EMG Value: 11 - Sensor connected and active.
1731148296.191831,EMG Value: 12 - Sensor connected and active.
1731148296.195051,EMG Value: 12 - Sensor connected and active.
1731148296.283006,EMG Value: 13 - Sensor connected and active.
1731148296.3836968,EMG Value: 12 - Sensor connected and active.
1731148296.484432,EMG Value: 13 - Sensor connected and active.
1731148296.5851562,EMG Value: 12 - Sensor connected and active.
1731148296.685796,EMG Value: 12 - Sensor connected and active.
1731148296.786558,EMG Value: 12 - Sensor connected and active.
1731148296.89254,EMG Value: 13 - Sensor connected and active.
1731148296.987964,EMG Value: 14 - Sensor connected and active.
1731148297.088673,EMG Value: 11 - Sensor connected and active.
1731148297.189309,EMG Value: 12 - Sensor connected and active.
1731148297.2900329,EMG Value: 13 - Sensor connected and active.
1731148297.39073,EMG Value: 11 - Sensor connected and active.
1731148297.491478,EMG Value: 12 - Sensor connected and active.
1731148297.592154,EMG Value: 13 - Sensor connected and active.
1731148297.692884,EMG Value: 12 - Sensor connected and active.
1731148297.793598,EMG Value: 12 - Sensor connected and active.
1731148297.894227,EMG Value: 12 - Sensor connected and active.
1731148297.99498,EMG Value: 13 - Sensor connected and active.
1731148298.095702,EMG Value: 12 - Sensor connected and active.
1731148298.196321,EMG Value: 13 - Sensor connected and active.
1731148298.29711,EMG Value: 12 - Sensor connected and active.
1731148298.397855,EMG Value: 10 - Sensor connected and active.
1731148298.498535,EMG Value: 13 - Sensor connected and active.
1731148298.5992079,EMG Value: 13 - Sensor connected and active.
1731148298.699987,EMG Value: 11 - Sensor connected and active.
1731148298.800611,EMG Value: 13 - Sensor connected and active.
1731148298.901324,EMG Value: 12 - Sensor connected and active.
1731148299.00209,EMG Value: 13 - Sensor connected and active.
1731148299.102704,EMG Value: 13 - Sensor connected and active.
1731148299.203456,EMG Value: 13 - Sensor connected and active.
1731148299.3042188,EMG Value: 12 - Sensor connected and active.
1731148299.404809,EMG Value: 12 - Sensor connected and active.
1731148299.505573,EMG Value: 13 - Sensor connected and active.
1731148299.606313,EMG Value: 12 - Sensor connected and active.
1731148299.7068968,EMG Value: 14 - Sensor connected and active.
1731148299.807641,EMG Value: 14 - Sensor connected and active.
1731148299.908414,EMG Value: 12 - Sensor connected and active.
1731148300.009032,EMG Value: 13 - Sensor connected and active.
1731148300.1098611,EMG Value: 11 - Sensor connected and active.
1731148300.210575,EMG Value: 11 - Sensor connected and active.
1731148300.3111959,EMG Value: 13 - Sensor connected and active.
1731148300.4118621,EMG Value: 14 - Sensor connected and active.
1731148300.512608,EMG Value: 13 - Sensor connected and active.
1731148300.613288,EMG Value: 13 - Sensor connected and active.
1731148300.714043,EMG Value: 14 - Sensor connected and active.
1731148300.8147662,EMG Value: 13 - Sensor connected and active.
1731148300.915443,EMG Value: 13 - Sensor connected and active.
1731148301.016138,EMG Value: 14 - Sensor connected and active.
1731148301.116885,EMG Value: 12 - Sensor connected and active.
1731148301.217555,EMG Value: 13 - Sensor connected and active.
1731148301.31825,EMG Value: 14 - Sensor connected and active.
1731148301.419035,EMG Value: 14 - Sensor connected and active.
1731148301.519628,EMG Value: 14 - Sensor connected and active.
1731148301.620411,EMG Value: 14 - Sensor connected and active.
1731148301.721083,EMG Value: 13 - Sensor connected and active.
1731148301.821666,EMG Value: 14 - Sensor connected and active.
1731148301.9224691,EMG Value: 15 - Sensor connected and active.
1731148302.0232298,EMG Value: 15 - Sensor connected and active.
1731148302.12397,EMG Value: 13 - Sensor connected and active.
1731148302.2245498,EMG Value: 14 - Sensor connected and active.
1731148302.325266,EMG Value: 13 - Sensor connected and active.
1731148302.425929,EMG Value: 13 - Sensor connected and active.
1731148302.5267131,EMG Value: 13 - Sensor connected and active.
1731148302.6274781,EMG Value: 14 - Sensor connected and active.
1731148302.728192,EMG Value: 12 - Sensor connected and active.
1731148302.828825,EMG Value: 13 - Sensor connected and active.
1731148302.929632,EMG Value: 13 - Sensor connected and active.
1731148303.030336,EMG Value: 13 - Sensor connected and active.
1731148303.1309462,EMG Value: 14 - Sensor connected and active.
1731148303.231662,EMG Value: 13 - Sensor connected and active.
1731148303.3330402,EMG Value: 13 - Sensor connected and active.
1731148303.433126,EMG Value: 15 - Sensor connected and active.
1731148303.5337899,EMG Value: 13 - Sensor connected and active.
1731148303.6344802,EMG Value: 15 - Sensor connected and active.
1731148303.735177,EMG Value: 15 - Sensor connected and active.
1731148303.83585,EMG Value: 14 - Sensor connected and active.
1731148303.9365351,EMG Value: 14 - Sensor connected and active.
1731148304.037268,EMG Value: 14 - Sensor connected and active.
1731148304.13796,EMG Value: 14 - Sensor connected and active.
1731148304.238726,EMG Value: 13 - Sensor connected and active.
1731148304.3393679,EMG Value: 16 - Sensor connected and active.
1731148304.449196,EMG Value: 14 - Sensor connected and active.
1731148304.5408041,EMG Value: 13 - Sensor connected and active.
1731148304.6415129,EMG Value: 14 - Sensor connected and active.
1731148304.7422342,EMG Value: 15 - Sensor connected and active.
1731148304.842965,EMG Value: 13 - Sensor connected and active.
1731148304.9436119,EMG Value: 14 - Sensor connected and active.
1731148305.044353,EMG Value: 13 - Sensor connected and active.
1731148305.145049,EMG Value: 13 - Sensor connected and active.
1731148305.245705,EMG Value: 13 - Sensor connected and active.
1731148305.346433,EMG Value: 16 - Sensor connected and active.
1731148305.447178,EMG Value: 15 - Sensor connected and active.
1731148305.547789,EMG Value: 14 - Sensor connected and active.
1731148305.648554,EMG Value: 14 - Sensor connected and active.
1731148305.7491908,EMG Value: 14 - Sensor connected and active.
1731148305.849931,EMG Value: 15 - Sensor connected and active.
1731148305.950699,EMG Value: 14 - Sensor connected and active.
1731148306.0513952,EMG Value: 16 - Sensor connected and active.
1731148306.152021,EMG Value: 15 - Sensor connected and active.
1731148306.2527528,EMG Value: 14 - Sensor connected and active.
1731148306.353547,EMG Value: 15 - Sensor connected and active.
1731148306.4541671,EMG Value: 16 - Sensor connected and active.
1731148306.5549288,EMG Value: 15 - Sensor connected and active.
1731148306.6555898,EMG Value: 14 - Sensor connected and active.
1731148306.756303,EMG Value: 16 - Sensor connected and active.
1731148306.857037,EMG Value: 15 - Sensor connected and active.
1731148306.957697,EMG Value: 14 - Sensor connected and active.
1731148307.058395,EMG Value: 16 - Sensor connected and active.
1731148307.159136,EMG Value: 16 - Sensor connected and active.
1731148307.2598348,EMG Value: 13 - Sensor connected and active.
1731148307.360543,EMG Value: 14 - Sensor connected and active.
1731148307.4612758,EMG Value: 16 - Sensor connected and active.
1731148307.5618849,EMG Value: 15 - Sensor connected and active.
1731148307.662608,EMG Value: 14 - Sensor connected and active.
1731148307.7633688,EMG Value: 16 - Sensor connected and active.
1731148307.8641238,EMG Value: 15 - Sensor connected and active.
1731148307.9646652,EMG Value: 15 - Sensor connected and active.
1731148308.065533,EMG Value: 15 - Sensor connected and active.
1731148308.166166,EMG Value: 16 - Sensor connected and active.
1731148308.2668538,EMG Value: 15 - Sensor connected and active.
1731148308.367553,EMG Value: 15 - Sensor connected and active.
1731148308.4683268,EMG Value: 16 - Sensor connected and active.
1731148308.5689569,EMG Value: 16 - Sensor connected and active.
1731148308.669728,EMG Value: 15 - Sensor connected and active.
1731148308.770494,EMG Value: 16 - Sensor connected and active.
1731148308.871052,EMG Value: 16 - Sensor connected and active.
1731148308.971818,EMG Value: 14 - Sensor connected and active.
1731148309.0725682,EMG Value: 14 - Sensor connected and active.
1731148309.173193,EMG Value: 16 - Sensor connected and active.
1731148309.273916,EMG Value: 16 - Sensor connected and active.
1731148309.374666,EMG Value: 15 - Sensor connected and active.
1731148309.475265,EMG Value: 13 - Sensor connected and active.
1731148309.576052,EMG Value: 16 - Sensor connected and active.
1731148309.6766531,EMG Value: 16 - Sensor connected and active.
1731148309.777418,EMG Value: 17 - Sensor connected and active.
1731148309.878159,EMG Value: 14 - Sensor connected and active.
1731148309.978749,EMG Value: 16 - Sensor connected and active.
1731148310.079558,EMG Value: 16 - Sensor connected and active.
1731148310.1804512,EMG Value: 14 - Sensor connected and active.
1731148310.280906,EMG Value: 14 - Sensor connected and active.
1731148310.381662,EMG Value: 16 - Sensor connected and active.
1731148310.48234,EMG Value: 16 - Sensor connected and active.
1731148310.583027,EMG Value: 16 - Sensor connected and active.
1731148310.683861,EMG Value: 15 - Sensor connected and active.
1731148310.784516,EMG Value: 16 - Sensor connected and active.
1731148310.885067,EMG Value: 16 - Sensor connected and active.
1731148310.985854,EMG Value: 17 - Sensor connected and active.
1731148311.086595,EMG Value: 16 - Sensor connected and active.
1731148311.187239,EMG Value: 16 - Sensor connected and active.
1731148311.2879732,EMG Value: 18 - Sensor connected and active.
1731148311.38882,EMG Value: 16 - Sensor connected and active.
1731148311.489399,EMG Value: 16 - Sensor connected and active.
1731148311.5901299,EMG Value: 16 - Sensor connected and active.
1731148311.69077,EMG Value: 14 - Sensor connected and active.
1731148311.791494,EMG Value: 16 - Sensor connected and active.
1731148311.892203,EMG Value: 15 - Sensor connected and active.
1731148311.992817,EMG Value: 16 - Sensor connected and active.
1731148312.093581,EMG Value: 17 - Sensor connected and active.
1731148312.194287,EMG Value: 16 - Sensor connected and active.
1731148312.294911,EMG Value: 16 - Sensor connected and active.
1731148312.395668,EMG Value: 17 - Sensor connected and active.
1731148312.4963899,EMG Value: 18 - Sensor connected and active.
1731148312.597051,EMG Value: 16 - Sensor connected and active.
1731148312.697797,EMG Value: 16 - Sensor connected and active.
1731148312.798555,EMG Value: 17 - Sensor connected and active.
1731148312.899297,EMG Value: 17 - Sensor connected and active.
1731148312.999917,EMG Value: 16 - Sensor connected and active.
1731148313.100676,EMG Value: 17 - Sensor connected and active.
1731148313.201291,EMG Value: 17 - Sensor connected and active.
1731148313.302142,EMG Value: 16 - Sensor connected and active.
1731148313.402771,EMG Value: 16 - Sensor connected and active.
1731148313.503443,EMG Value: 18 - Sensor connected and active.
1731148313.604092,EMG Value: 16 - Sensor connected and active.
1731148313.7049222,EMG Value: 18 - Sensor connected and active.
1731148313.8054771,EMG Value: 17 - Sensor connected and active.
1731148313.906219,EMG Value: 18 - Sensor connected and active.
1731148314.006955,EMG Value: 16 - Sensor connected and active.
1731148314.10762,EMG Value: 17 - Sensor connected and active.
1731148314.2084322,EMG Value: 18 - Sensor connected and active.
1731148314.309141,EMG Value: 17 - Sensor connected and active.
1731148314.409764,EMG Value: 16 - Sensor connected and active.
1731148314.5104792,EMG Value: 16 - Sensor connected and active.
1731148314.6112618,EMG Value: 18 - Sensor connected and active.
1731148314.711809,EMG Value: 18 - Sensor connected and active.
1731148314.812597,EMG Value: 16 - Sensor connected and active.
1731148314.9135292,EMG Value: 18 - Sensor connected and active.
1731148315.013984,EMG Value: 18 - Sensor connected and active.
1731148315.11472,EMG Value: 17 - Sensor connected and active.
1731148315.215481,EMG Value: 16 - Sensor connected and active.
1731148315.316085,EMG Value: 18 - Sensor connected and active.
1731148315.4167838,EMG Value: 19 - Sensor connected and active.
1731148315.5175948,EMG Value: 17 - Sensor connected and active.
1731148315.6183228,EMG Value: 17 - Sensor connected and active.
1731148315.7388911,EMG Value: 18 - Sensor connected and active.
1731148315.819663,EMG Value: 18 - Sensor connected and active.
1731148315.920309,EMG Value: 18 - Sensor connected and active.
1731148316.021052,EMG Value: 17 - Sensor connected and active.
1731148316.121737,EMG Value: 18 - Sensor connected and active.
1731148316.222489,EMG Value: 19 - Sensor connected and active.
1731148316.323185,EMG Value: 16 - Sensor connected and active.
1731148316.423875,EMG Value: 17 - Sensor connected and active.
1731148316.524586,EMG Value: 18 - Sensor connected and active.
1731148316.625243,EMG Value: 19 - Sensor connected and active.
1731148316.725972,EMG Value: 17 - Sensor connected and active.
1731148316.82674,EMG Value: 17 - Sensor connected and active.
1731148316.9273841,EMG Value: 18 - Sensor connected and active.
1731148317.028064,EMG Value: 18 - Sensor connected and active.
1731148317.128809,EMG Value: 20 - Sensor connected and active.
1731148317.229512,EMG Value: 19 - Sensor connected and active.
1731148317.330487,EMG Value: 18 - Sensor connected and active.
1731148317.430971,EMG Value: 18 - Sensor connected and active.
1731148317.531602,EMG Value: 18 - Sensor connected and active.
1731148317.6323998,EMG Value: 19 - Sensor connected and active.
1731148317.732998,EMG Value: 17 - Sensor connected and active.
1731148317.8337212,EMG Value: 18 - Sensor connected and active.
1731148317.934442,EMG Value: 19 - Sensor connected and active.
1731148318.035109,EMG Value: 16 - Sensor connected and active.
1731148318.1358569,EMG Value: 19 - Sensor connected and active.
1731148318.2365508,EMG Value: 19 - Sensor connected and active.
1731148318.337218,EMG Value: 19 - Sensor connected and active.
1731148318.437925,EMG Value: 18 - Sensor connected and active.
1731148318.538645,EMG Value: 19 - Sensor connected and active.
1731148318.639298,EMG Value: 19 - Sensor connected and active.
1731148318.740034,EMG Value: 18 - Sensor connected and active.
1731148318.840749,EMG Value: 20 - Sensor connected and active.
1731148318.9414542,EMG Value: 19 - Sensor connected and active.
1731148319.0421839,EMG Value: 19 - Sensor connected and active.
1731148319.1523468,EMG Value: 18 - Sensor connected and active.
1731148319.243488,EMG Value: 18 - Sensor connected and active.
1731148319.344258,EMG Value: 19 - Sensor connected and active.
1731148319.444988,EMG Value: 18 - Sensor connected and active.
1731148319.5455968,EMG Value: 19 - Sensor connected and active.
1731148319.646409,EMG Value: 20 - Sensor connected and active.
1731148319.7471209,EMG Value: 18 - Sensor connected and active.
1731148319.847729,EMG Value: 19 - Sensor connected and active.
1731148319.948499,EMG Value: 20 - Sensor connected and active.
1731148320.049323,EMG Value: 19 - Sensor connected and active.
1731148320.149882,EMG Value: 18 - Sensor connected and active.
1731148320.250583,EMG Value: 18 - Sensor connected and active.
1731148320.3513799,EMG Value: 20 - Sensor connected and active.
1731148320.4519439,EMG Value: 19 - Sensor connected and active.
1731148320.5527098,EMG Value: 20 - Sensor connected and active.
1731148320.653493,EMG Value: 20 - Sensor connected and active.
1731148320.754107,EMG Value: 20 - Sensor connected and active.
1731148320.854783,EMG Value: 20 - Sensor connected and active.
1731148320.9555829,EMG Value: 19 - Sensor connected and active.
1731148321.0561879,EMG Value: 21 - Sensor connected and active.
1731148321.1569831,EMG Value: 20 - Sensor connected and active.
1731148321.2576609,EMG Value: 21 - Sensor connected and active.
1731148321.358297,EMG Value: 20 - Sensor connected and active.
1731148321.459094,EMG Value: 20 - Sensor connected and active.
1731148321.559801,EMG Value: 20 - Sensor connected and active.
1731148321.660428,EMG Value: 21 - Sensor connected and active.
1731148321.761127,EMG Value: 19 - Sensor connected and active.
1731148321.8619049,EMG Value: 20 - Sensor connected and active.
1731148321.9625149,EMG Value: 20 - Sensor connected and active.
1731148322.063321,EMG Value: 20 - Sensor connected and active.
1731148322.1639922,EMG Value: 21 - Sensor connected and active.
1731148322.264679,EMG Value: 21 - Sensor connected and active.
1731148322.3654242,EMG Value: 20 - Sensor connected and active.
1731148322.4661472,EMG Value: 20 - Sensor connected and active.
1731148322.5667992,EMG Value: 20 - Sensor connected and active.
1731148322.667511,EMG Value: 21 - Sensor connected and active.
1731148322.768137,EMG Value: 20 - Sensor connected and active.
1731148322.868875,EMG Value: 20 - Sensor connected and active.
1731148322.969632,EMG Value: 20 - Sensor connected and active.
1731148323.070435,EMG Value: 22 - Sensor connected and active.
1731148323.1710331,EMG Value: 23 - Sensor connected and active.
1731148323.271777,EMG Value: 21 - Sensor connected and active.
1731148323.3724911,EMG Value: 21 - Sensor connected and active.
1731148323.473123,EMG Value: 22 - Sensor connected and active.
1731148323.573863,EMG Value: 21 - Sensor connected and active.
1731148323.6745899,EMG Value: 20 - Sensor connected and active.
1731148323.775244,EMG Value: 20 - Sensor connected and active.
1731148323.875936,EMG Value: 21 - Sensor connected and active.
1731148323.97668,EMG Value: 22 - Sensor connected and active.
1731148324.077464,EMG Value: 21 - Sensor connected and active.
1731148324.1781209,EMG Value: 20 - Sensor connected and active.
1731148324.2788322,EMG Value: 22 - Sensor connected and active.
1731148324.379482,EMG Value: 23 - Sensor connected and active.
1731148324.4801779,EMG Value: 21 - Sensor connected and active.
1731148324.580904,EMG Value: 22 - Sensor connected and active.
1731148324.6816158,EMG Value: 22 - Sensor connected and active.
1731148324.7822661,EMG Value: 23 - Sensor connected and active.
1731148324.8830678,EMG Value: 21 - Sensor connected and active.
1731148324.983698,EMG Value: 22 - Sensor connected and active.
1731148325.0843892,EMG Value: 22 - Sensor connected and active.
1731148325.18513,EMG Value: 23 - Sensor connected and active.
1731148325.285771,EMG Value: 22 - Sensor connected and active.
1731148325.386509,EMG Value: 21 - Sensor connected and active.
1731148325.487297,EMG Value: 23 - Sensor connected and active.
1731148325.587913,EMG Value: 22 - Sensor connected and active.
1731148325.6886349,EMG Value: 23 - Sensor connected and active.
1731148325.7893848,EMG Value: 22 - Sensor connected and active.
1731148325.8900108,EMG Value: 23 - Sensor connected and active.
1731148325.9907682,EMG Value: 22 - Sensor connected and active.
1731148326.091419,EMG Value: 22 - Sensor connected and active.
1731148326.192107,EMG Value: 23 - Sensor connected and active.
1731148326.2928362,EMG Value: 23 - Sensor connected and active.
1731148326.393623,EMG Value: 22 - Sensor connected and active.
1731148326.494215,EMG Value: 22 - Sensor connected and active.
1731148326.59494,EMG Value: 22 - Sensor connected and active.
1731148326.6957319,EMG Value: 23 - Sensor connected and active.
1731148326.804542,EMG Value: 22 - Sensor connected and active.
1731148326.8971,EMG Value: 24 - Sensor connected and active.
1731148326.997822,EMG Value: 24 - Sensor connected and active.
1731148327.098455,EMG Value: 22 - Sensor connected and active.
1731148327.1992698,EMG Value: 23 - Sensor connected and active.
1731148327.30002,EMG Value: 24 - Sensor connected and active.
1731148327.400647,EMG Value: 23 - Sensor connected and active.
1731148327.501353,EMG Value: 23 - Sensor connected and active.
1731148327.602078,EMG Value: 24 - Sensor connected and active.
1731148327.70267,EMG Value: 25 - Sensor connected and active.
1731148327.803412,EMG Value: 22 - Sensor connected and active.
1731148327.90402,EMG Value: 24 - Sensor connected and active.
1731148328.0047529,EMG Value: 23 - Sensor connected and active.
1731148328.105524,EMG Value: 25 - Sensor connected and active.
1731148328.206242,EMG Value: 23 - Sensor connected and active.
1731148328.306881,EMG Value: 23 - Sensor connected and active.
1731148328.407627,EMG Value: 22 - Sensor connected and active.
1731148328.508369,EMG Value: 24 - Sensor connected and active.
1731148328.60901,EMG Value: 23 - Sensor connected and active.
1731148328.7097542,EMG Value: 24 - Sensor connected and active.
1731148328.8103921,EMG Value: 24 - Sensor connected and active.
1731148328.9110851,EMG Value: 25 - Sensor connected and active.
1731148329.011837,EMG Value: 23 - Sensor connected and active.
1731148329.112579,EMG Value: 25 - Sensor connected and active.
1731148329.213241,EMG Value: 25 - Sensor connected and active.
1731148329.314016,EMG Value: 24 - Sensor connected and active.
1731148329.414603,EMG Value: 24 - Sensor connected and active.
1731148329.515442,EMG Value: 24 - Sensor connected and active.
1731148329.616097,EMG Value: 24 - Sensor connected and active.
1731148329.716897,EMG Value: 25 - Sensor connected and active.
1731148329.834164,No significant signal detected. Check EMG sensor connection.
1731148329.9348989,No significant signal detected. Check EMG sensor connection.
1731148330.018921,EMG Value: 24 - Sensor connected and active.
1731148330.136393,No significant signal detected. Check EMG sensor connection.
1731148330.237149,No significant signal detected. Check EMG sensor connection.
1731148330.339068,No significant signal detected. Check EMG sensor connection.
1731148330.438645,No significant signal detected. Check EMG sensor connection.
1731148330.522496,EMG Value: 24 - Sensor connected and active.
1731148330.623252,EMG Value: 25 - Sensor connected and active.
1731148330.740682,No significant signal detected. Check EMG sensor connection.
1731148330.824597,EMG Value: 25 - Sensor connected and active.
1731148330.9420679,No significant signal detected. Check EMG sensor connection.
1731148331.026135,EMG Value: 24 - Sensor connected and active.
1731148331.143627,No significant signal detected. Check EMG sensor connection.
1731148331.2275572,EMG Value: 25 - Sensor connected and active.
1731148331.3282628,EMG Value: 25 - Sensor connected and active.
1731148331.445667,No significant signal detected. Check EMG sensor connection.
1731148331.529759,EMG Value: 25 - Sensor connected and active.
1731148331.6469839,No significant signal detected. Check EMG sensor connection.
1731148331.747745,No significant signal detected. Check EMG sensor connection.
1731148331.848727,No significant signal detected. Check EMG sensor connection.
1731148331.949339,No significant signal detected. Check EMG sensor connection.
1731148332.033364,EMG Value: 25 - Sensor connected and active.
1731148332.150719,No significant signal detected. Check EMG sensor connection.
1731148332.234741,EMG Value: 25 - Sensor connected and active.
1731148332.352106,No significant signal detected. Check EMG sensor connection.
1731148332.452829,No significant signal detected. Check EMG sensor connection.
1731148332.536884,EMG Value: 24 - Sensor connected and active.
1731148332.65445,No significant signal detected. Check EMG sensor connection.
1731148332.755111,No significant signal detected. Check EMG sensor connection.
1731148332.856173,No significant signal detected. Check EMG sensor connection.
1731148332.9397702,EMG Value: 25 - Sensor connected and active.
1731148333.057198,No significant signal detected. Check EMG sensor connection.
1731148333.157907,No significant signal detected. Check EMG sensor connection.
1731148333.258664,No significant signal detected. Check EMG sensor connection.
1731148333.359436,No significant signal detected. Check EMG sensor connection.
1731148333.460219,No significant signal detected. Check EMG sensor connection.
1731148333.5440772,EMG Value: 25 - Sensor connected and active.
1731148333.661528,No significant signal detected. Check EMG sensor connection.
1731148333.762284,No significant signal detected. Check EMG sensor connection.
1731148333.863023,No significant signal detected. Check EMG sensor connection.
1731148333.963755,No significant signal detected. Check EMG sensor connection.
1731148334.0478332,EMG Value: 25 - Sensor connected and active.
1731148334.165208,No significant signal detected. Check EMG sensor connection.
1731148334.2658849,No significant signal detected. Check EMG sensor connection.
1731148334.3666282,No significant signal detected. Check EMG sensor connection.
1731148334.4674828,No significant signal detected. Check EMG sensor connection.
1731148334.568053,No significant signal detected. Check EMG sensor connection.
1731148334.6689,No significant signal detected. Check EMG sensor connection.
1731148334.7696881,No significant signal detected. Check EMG sensor connection.
1731148334.870369,No significant signal detected. Check EMG sensor connection.
1731148334.971049,No significant signal detected. Check EMG sensor connection.
1731148335.0716958,No significant signal detected. Check EMG sensor connection.
1731148335.17246,No significant signal detected. Check EMG sensor connection.
1731148335.273194,No significant signal detected. Check EMG sensor connection.
1731148335.373992,No significant signal detected. Check EMG sensor connection.
1731148335.47472,No significant signal detected. Check EMG sensor connection.
1731148335.575424,No significant signal detected. Check EMG sensor connection.
1731148335.676214,No significant signal detected. Check EMG sensor connection.
1731148335.776955,No significant signal detected. Check EMG sensor connection.
1731148335.877698,No significant signal detected. Check EMG sensor connection.
1731148335.978354,No significant signal detected. Check EMG sensor connection.
1731148336.079194,No significant signal detected. Check EMG sensor connection.
1731148336.17987,No significant signal detected. Check EMG sensor connection.
1731148336.283106,No significant signal detected. Check EMG sensor connection.
1731148336.381174,No significant signal detected. Check EMG sensor connection.
1731148336.4818828,No significant signal detected. Check EMG sensor connection.
1731148336.582628,No significant signal detected. Check EMG sensor connection.
1731148336.683367,No significant signal detected. Check EMG sensor connection.
1731148336.784117,No significant signal detected. Check EMG sensor connection.
1731148336.88489,No significant signal detected. Check EMG sensor connection.
1731148336.9857101,No significant signal detected. Check EMG sensor connection.
1731148337.0862,No significant signal detected. Check EMG sensor connection.
1731148337.186995,No significant signal detected. Check EMG sensor connection.
1731148337.2877262,No significant signal detected. Check EMG sensor connection.
1731148337.3884768,No significant signal detected. Check EMG sensor connection.
1731148337.489242,No significant signal detected. Check EMG sensor connection.
1731148337.590175,No significant signal detected. Check EMG sensor connection.
1731148337.690656,No significant signal detected. Check EMG sensor connection.
1731148337.792515,No significant signal detected. Check EMG sensor connection.
1731148337.892156,No significant signal detected. Check EMG sensor connection.
1731148337.992874,No significant signal detected. Check EMG sensor connection.
1731148338.093749,No significant signal detected. Check EMG sensor connection.
1731148338.194471,No significant signal detected. Check EMG sensor connection.
1731148338.296484,No significant signal detected. Check EMG sensor connection.
1731148338.395751,No significant signal detected. Check EMG sensor connection.
1731148338.4965692,No significant signal detected. Check EMG sensor connection.
1731148338.597229,No significant signal detected. Check EMG sensor connection.
1731148338.697987,No significant signal detected. Check EMG sensor connection.
1731148338.79873,No significant signal detected. Check EMG sensor connection.
1731148338.899669,No significant signal detected. Check EMG sensor connection.
1731148339.000521,No significant signal detected. Check EMG sensor connection.
1731148339.100959,No significant signal detected. Check EMG sensor connection.
1731148339.2017112,No significant signal detected. Check EMG sensor connection.
1731148339.3023849,No significant signal detected. Check EMG sensor connection.
1731148339.402959,No significant signal detected. Check EMG sensor connection.
1731148339.5037959,No significant signal detected. Check EMG sensor connection.
1731148339.6044621,No significant signal detected. Check EMG sensor connection.
1731148339.705272,No significant signal detected. Check EMG sensor connection.
1731148339.806069,No significant signal detected. Check EMG sensor connection.
1731148339.906764,No significant signal detected. Check EMG sensor connection.
1731148340.007474,No significant signal detected. Check EMG sensor connection.
1731148340.108248,No significant signal detected. Check EMG sensor connection.
1731148340.2089589,No significant signal detected. Check EMG sensor connection.
1731148340.309727,No significant signal detected. Check EMG sensor connection.
1731148340.410366,No significant signal detected. Check EMG sensor connection.
1731148340.51101,No significant signal detected. Check EMG sensor connection.
1731148340.611774,No significant signal detected. Check EMG sensor connection.
1731148340.712638,No significant signal detected. Check EMG sensor connection.
1731148340.813324,No significant signal detected. Check EMG sensor connection.
1731148340.914094,No significant signal detected. Check EMG sensor connection.
1731148341.0150452,No significant signal detected. Check EMG sensor connection.
1731148341.11778,No significant signal detected. Check EMG sensor connection.
1731148341.216267,No significant signal detected. Check EMG sensor connection.
1731148341.3169322,No significant signal detected. Check EMG sensor connection.
1731148341.417977,No significant signal detected. Check EMG sensor connection.
1731148341.518361,No significant signal detected. Check EMG sensor connection.
1731148341.619085,No significant signal detected. Check EMG sensor connection.
1731148341.7200372,No significant signal detected. Check EMG sensor connection.
